来源,地址或位置,访问结果,条目数量,下一页位置,重试次数,核查时间,说明
线上目录基准,https://siwencifudalinzi.github.io/giga-catalog-cn/data/catalog.json,200/已保存,3796,,0,2026-09-12T17:52:16+08:00,
项目链接表格,https://docs.google.com/spreadsheets/d/1wyNMnWXLRoHySoErtj3A-XeuBrenem7NCRb_Qvm5Zag/export?format=csv&gid=0,200/已保存,3,,0,2026-09-12T17:52:16+08:00,
AsiaMonstr入口,https://www.google.com.hk/goto?url=CAESYAHrOzAVa4unAbC7X7yMbEnIFk4AUJx2rVSuHzWNvdcZa-dXeq1G1or896qnSCUQ8H10QHF5RF998FfM4FB3iMX9Rc0ziaO7DvttZKj-d0bi-ZLYi-HvDh5J4y6jRJGaLQ,浏览器跳转成功,4148,https://www.asiamonstr.com/category/giga,0,2026-09-12T17:52:16+08:00,最终地址为 GIGA 分类页；分页采用 /category/giga/page/N，并按页面实际 Next 链接遍历。
AsiaMonstr分类分页,https://www.asiamonstr.com/category/giga,rendered-ok,21,https://www.asiamonstr.com/category/giga/page/2,0,2026-09-12T17:52:16+08:00,
AsiaMonstr分类分页,https://www.asiamonstr.com/category/giga/page/2,rendered-ok,21,https://www.asiamonstr.com/category/giga/page/3,0,2026-09-12T17:52:16+08:00,
AsiaMonstr分类分页,https://www.asiamonstr.com/category/giga/page/3,rendered-ok,21,https://www.asiamonstr.com/category/giga/page/4,0,2026-09-12T17:52:16+08:00,
AsiaMonstr分类分页,https://www.asiamonstr.com/category/giga/page/4,rendered-ok,21,https://www.asiamonstr.com/category/giga/page/5,0,2026-09-12T17:52:16+08:00,
AsiaMonstr分类分页,https://www.asiamonstr.com/category/giga/page/5,rendered-ok,21,https://www.asiamonstr.com/category/giga/page/6,0,2026-09-12T17:52:16+08:00,
AsiaMonstr分类分页,https://www.asiamonstr.com/category/giga/page/6,rendered-ok,21,https://www.asiamonstr.com/category/giga/page/7,0,2026-09-12T17:52:16+08:00,
AsiaMonstr分类分页,https://www.asiamonstr.com/category/giga/page/7,rendered-ok,21,https://www.asiamonstr.com/category/giga/page/8,0,2026-09-12T17:52:16+08:00,
AsiaMonstr分类分页,https://www.asiamonstr.com/category/giga/page/8,rendered-ok,21,https://www.asiamonstr.com/category/giga/page/9,0,2026-09-12T17:52:16+08:00,
AsiaMonstr分类分页,https://www.asiamonstr.com/category/giga/page/9,rendered-ok,21,https://www.asiamonstr.com/category/giga/page/10,0,2026-09-12T17:52:16+08:00,
AsiaMonstr分类分页,https://www.asiamonstr.com/category/giga/page/10,rendered-ok,21,https://www.asiamonstr.com/category/giga/page/11,0,2026-09-12T17:52:16+08:00,
AsiaMonstr分类分页,https://www.asiamonstr.com/category/giga/page/11,rendered-ok,21,https://www.asiamonstr.com/category/giga/page/12,0,2026-09-12T17:52:16+08:00,
AsiaMonstr分类分页,https://www.asiamonstr.com/category/giga/page/12,rendered-ok,21,https://www.asiamonstr.com/category/giga/page/13,0,2026-09-12T17:52:16+08:00,
AsiaMonstr分类分页,https://www.asiamonstr.com/category/giga/page/13,rendered-ok,21,https://www.asiamonstr.com/category/giga/page/14,0,2026-09-12T17:52:16+08:00,
AsiaMonstr分类分页,https://www.asiamonstr.com/category/giga/page/14,rendered-ok,21,https://www.asiamonstr.com/category/giga/page/15,0,2026-09-12T17:52:16+08:00,
AsiaMonstr分类分页,https://www.asiamonstr.com/category/giga/page/15,rendered-ok,21,https://www.asiamonstr.com/category/giga/page/16,0,2026-09-12T17:52:16+08:00,
AsiaMonstr分类分页,https://www.asiamonstr.com/category/giga/page/16,rendered-ok,21,https://www.asiamonstr.com/category/giga/page/17,0,2026-09-12T17:52:16+08:00,
AsiaMonstr分类分页,https://www.asiamonstr.com/category/giga/page/17,rendered-ok,21,https://www.asiamonstr.com/category/giga/page/18,0,2026-09-12T17:52:16+08:00,
AsiaMonstr分类分页,https://www.asiamonstr.com/category/giga/page/18,rendered-ok,21,https://www.asiamonstr.com/category/giga/page/19,0,2026-09-12T17:52:16+08:00,
AsiaMonstr分类分页,https://www.asiamonstr.com/category/giga/page/19,rendered-ok,21,https://www.asiamonstr.com/category/giga/page/20,0,2026-09-12T17:52:16+08:00,
AsiaMonstr分类分页,https://www.asiamonstr.com/category/giga/page/20,rendered-ok,21,https://www.asiamonstr.com/category/giga/page/21,0,2026-09-12T17:52:16+08:00,
AsiaMonstr分类分页,https://www.asiamonstr.com/category/giga/page/21,rendered-ok,21,https://www.asiamonstr.com/category/giga/page/22,0,2026-09-12T17:52:16+08:00,
AsiaMonstr分类分页,https://www.asiamonstr.com/category/giga/page/22,rendered-ok,21,https://www.asiamonstr.com/category/giga/page/23,0,2026-09-12T17:52:16+08:00,
AsiaMonstr分类分页,https://www.asiamonstr.com/category/giga/page/23,rendered-ok,21,https://www.asiamonstr.com/category/giga/page/24,0,2026-09-12T17:52:16+08:00,
AsiaMonstr分类分页,https://www.asiamonstr.com/category/giga/page/24,rendered-ok,21,https://www.asiamonstr.com/category/giga/page/25,0,2026-09-12T17:52:16+08:00,
AsiaMonstr分类分页,https://www.asiamonstr.com/category/giga/page/25,rendered-ok,21,https://www.asiamonstr.com/category/giga/page/26,0,2026-09-12T17:52:16+08:00,
AsiaMonstr分类分页,https://www.asiamonstr.com/category/giga/page/26,rendered-ok,21,https://www.asiamonstr.com/category/giga/page/27,0,2026-09-12T17:52:16+08:00,
AsiaMonstr分类分页,https://www.asiamonstr.com/category/giga/page/27,rendered-ok,21,https://www.asiamonstr.com/category/giga/page/28,0,2026-09-12T17:52:16+08:00,
AsiaMonstr分类分页,https://www.asiamonstr.com/category/giga/page/28,rendered-ok,21,https://www.asiamonstr.com/category/giga/page/29,0,2026-09-12T17:52:16+08:00,
AsiaMonstr分类分页,https://www.asiamonstr.com/category/giga/page/29,rendered-ok,21,https://www.asiamonstr.com/category/giga/page/30,0,2026-09-12T17:52:16+08:00,
AsiaMonstr分类分页,https://www.asiamonstr.com/category/giga/page/30,rendered-ok,21,https://www.asiamonstr.com/category/giga/page/31,0,2026-09-12T17:52:16+08:00,
AsiaMonstr分类分页,https://www.asiamonstr.com/category/giga/page/31,rendered-ok,21,https://www.asiamonstr.com/category/giga/page/32,0,2026-09-12T17:52:16+08:00,
AsiaMonstr分类分页,https://www.asiamonstr.com/category/giga/page/32,rendered-ok,21,https://www.asiamonstr.com/category/giga/page/33,0,2026-09-12T17:52:16+08:00,
AsiaMonstr分类分页,https://www.asiamonstr.com/category/giga/page/33,rendered-ok,21,https://www.asiamonstr.com/category/giga/page/34,0,2026-09-12T17:52:16+08:00,
AsiaMonstr分类分页,https://www.asiamonstr.com/category/giga/page/34,rendered-ok,21,https://www.asiamonstr.com/category/giga/page/35,0,2026-09-12T17:52:16+08:00,
AsiaMonstr分类分页,https://www.asiamonstr.com/category/giga/page/35,rendered-ok,21,https://www.asiamonstr.com/category/giga/page/36,0,2026-09-12T17:52:16+08:00,
AsiaMonstr分类分页,https://www.asiamonstr.com/category/giga/page/36,rendered-ok,21,https://www.asiamonstr.com/category/giga/page/37,0,2026-09-12T17:52:16+08:00,
AsiaMonstr分类分页,https://www.asiamonstr.com/category/giga/page/37,rendered-ok,21,https://www.asiamonstr.com/category/giga/page/38,0,2026-09-12T17:52:16+08:00,
AsiaMonstr分类分页,https://www.asiamonstr.com/category/giga/page/38,rendered-ok,21,https://www.asiamonstr.com/category/giga/page/39,0,2026-09-12T17:52:16+08:00,
AsiaMonstr分类分页,https://www.asiamonstr.com/category/giga/page/39,rendered-ok,21,https://www.asiamonstr.com/category/giga/page/40,0,2026-09-12T17:52:16+08:00,
AsiaMonstr分类分页,https://www.asiamonstr.com/category/giga/page/40,rendered-ok,21,https://www.asiamonstr.com/category/giga/page/41,0,2026-09-12T17:52:16+08:00,
AsiaMonstr分类分页,https://www.asiamonstr.com/category/giga/page/41,rendered-ok,21,https://www.asiamonstr.com/category/giga/page/42,0,2026-09-12T17:52:16+08:00,
AsiaMonstr分类分页,https://www.asiamonstr.com/category/giga/page/42,rendered-ok,21,https://www.asiamonstr.com/category/giga/page/43,0,2026-09-12T17:52:16+08:00,
AsiaMonstr分类分页,https://www.asiamonstr.com/category/giga/page/43,rendered-ok,21,https://www.asiamonstr.com/category/giga/page/44,0,2026-09-12T17:52:16+08:00,
AsiaMonstr分类分页,https://www.asiamonstr.com/category/giga/page/44,rendered-ok,21,https://www.asiamonstr.com/category/giga/page/45,0,2026-09-12T17:52:16+08:00,
AsiaMonstr分类分页,https://www.asiamonstr.com/category/giga/page/45,rendered-ok,21,https://www.asiamonstr.com/category/giga/page/46,0,2026-09-12T17:52:16+08:00,
AsiaMonstr分类分页,https://www.asiamonstr.com/category/giga/page/46,rendered-ok,21,https://www.asiamonstr.com/category/giga/page/47,0,2026-09-12T17:52:16+08:00,
AsiaMonstr分类分页,https://www.asiamonstr.com/category/giga/page/47,rendered-ok,21,https://www.asiamonstr.com/category/giga/page/48,0,2026-09-12T17:52:16+08:00,
AsiaMonstr分类分页,https://www.asiamonstr.com/category/giga/page/48,rendered-ok,21,https://www.asiamonstr.com/category/giga/page/49,0,2026-09-12T17:52:16+08:00,
AsiaMonstr分类分页,https://www.asiamonstr.com/category/giga/page/49,rendered-ok,21,https://www.asiamonstr.com/category/giga/page/50,0,2026-09-12T17:52:16+08:00,
AsiaMonstr分类分页,https://www.asiamonstr.com/category/giga/page/50,rendered-ok,21,https://www.asiamonstr.com/category/giga/page/51,0,2026-09-12T17:52:16+08:00,
AsiaMonstr分类分页,https://www.asiamonstr.com/category/giga/page/51,rendered-ok,21,https://www.asiamonstr.com/category/giga/page/52,0,2026-09-12T17:52:16+08:00,
AsiaMonstr分类分页,https://www.asiamonstr.com/category/giga/page/52,rendered-ok,21,https://www.asiamonstr.com/category/giga/page/53,0,2026-09-12T17:52:16+08:00,
AsiaMonstr分类分页,https://www.asiamonstr.com/category/giga/page/53,rendered-ok,21,https://www.asiamonstr.com/category/giga/page/54,0,2026-09-12T17:52:16+08:00,
AsiaMonstr分类分页,https://www.asiamonstr.com/category/giga/page/54,rendered-ok,21,https://www.asiamonstr.com/category/giga/page/55,0,2026-09-12T17:52:16+08:00,
AsiaMonstr分类分页,https://www.asiamonstr.com/category/giga/page/55,rendered-ok,21,https://www.asiamonstr.com/category/giga/page/56,0,2026-09-12T17:52:16+08:00,
AsiaMonstr分类分页,https://www.asiamonstr.com/category/giga/page/56,rendered-ok,21,https://www.asiamonstr.com/category/giga/page/57,0,2026-09-12T17:52:16+08:00,
AsiaMonstr分类分页,https://www.asiamonstr.com/category/giga/page/57,rendered-ok,21,https://www.asiamonstr.com/category/giga/page/58,0,2026-09-12T17:52:16+08:00,
AsiaMonstr分类分页,https://www.asiamonstr.com/category/giga/page/58,rendered-ok,21,https://www.asiamonstr.com/category/giga/page/59,0,2026-09-12T17:52:16+08:00,
AsiaMonstr分类分页,https://www.asiamonstr.com/category/giga/page/59,rendered-ok,21,https://www.asiamonstr.com/category/giga/page/60,0,2026-09-12T17:52:16+08:00,
AsiaMonstr分类分页,https://www.asiamonstr.com/category/giga/page/60,rendered-ok,21,https://www.asiamonstr.com/category/giga/page/61,0,2026-09-12T17:52:16+08:00,
AsiaMonstr分类分页,https://www.asiamonstr.com/category/giga/page/61,rendered-ok,21,https://www.asiamonstr.com/category/giga/page/62,0,2026-09-12T17:52:16+08:00,
AsiaMonstr分类分页,https://www.asiamonstr.com/category/giga/page/62,rendered-ok,21,https://www.asiamonstr.com/category/giga/page/63,0,2026-09-12T17:52:16+08:00,
AsiaMonstr分类分页,https://www.asiamonstr.com/category/giga/page/63,rendered-ok,21,https://www.asiamonstr.com/category/giga/page/64,0,2026-09-12T17:52:16+08:00,
AsiaMonstr分类分页,https://www.asiamonstr.com/category/giga/page/64,rendered-ok,21,https://www.asiamonstr.com/category/giga/page/65,0,2026-09-12T17:52:16+08:00,
AsiaMonstr分类分页,https://www.asiamonstr.com/category/giga/page/65,rendered-ok,21,https://www.asiamonstr.com/category/giga/page/66,0,2026-09-12T17:52:16+08:00,
AsiaMonstr分类分页,https://www.asiamonstr.com/category/giga/page/66,rendered-ok,21,https://www.asiamonstr.com/category/giga/page/67,0,2026-09-12T17:52:16+08:00,
AsiaMonstr分类分页,https://www.asiamonstr.com/category/giga/page/67,rendered-ok,21,https://www.asiamonstr.com/category/giga/page/68,0,2026-09-12T17:52:16+08:00,
AsiaMonstr分类分页,https://www.asiamonstr.com/category/giga/page/68,rendered-ok,21,https://www.asiamonstr.com/category/giga/page/69,0,2026-09-12T17:52:16+08:00,
AsiaMonstr分类分页,https://www.asiamonstr.com/category/giga/page/69,rendered-ok,21,https://www.asiamonstr.com/category/giga/page/70,0,2026-09-12T17:52:16+08:00,
AsiaMonstr分类分页,https://www.asiamonstr.com/category/giga/page/70,rendered-ok,21,https://www.asiamonstr.com/category/giga/page/71,0,2026-09-12T17:52:16+08:00,
AsiaMonstr分类分页,https://www.asiamonstr.com/category/giga/page/71,rendered-ok,21,https://www.asiamonstr.com/category/giga/page/72,0,2026-09-12T17:52:16+08:00,
AsiaMonstr分类分页,https://www.asiamonstr.com/category/giga/page/72,rendered-ok,21,https://www.asiamonstr.com/category/giga/page/73,0,2026-09-12T17:52:16+08:00,
AsiaMonstr分类分页,https://www.asiamonstr.com/category/giga/page/73,rendered-ok,21,https://www.asiamonstr.com/category/giga/page/74,0,2026-09-12T17:52:16+08:00,
AsiaMonstr分类分页,https://www.asiamonstr.com/category/giga/page/74,rendered-ok,21,https://www.asiamonstr.com/category/giga/page/75,0,2026-09-12T17:52:16+08:00,
AsiaMonstr分类分页,https://www.asiamonstr.com/category/giga/page/75,rendered-ok,21,https://www.asiamonstr.com/category/giga/page/76,0,2026-09-12T17:52:16+08:00,
AsiaMonstr分类分页,https://www.asiamonstr.com/category/giga/page/76,rendered-ok,21,https://www.asiamonstr.com/category/giga/page/77,0,2026-09-12T17:52:16+08:00,
AsiaMonstr分类分页,https://www.asiamonstr.com/category/giga/page/77,rendered-ok,21,https://www.asiamonstr.com/category/giga/page/78,0,2026-09-12T17:52:16+08:00,
AsiaMonstr分类分页,https://www.asiamonstr.com/category/giga/page/78,rendered-ok,21,https://www.asiamonstr.com/category/giga/page/79,0,2026-09-12T17:52:16+08:00,
AsiaMonstr分类分页,https://www.asiamonstr.com/category/giga/page/79,rendered-ok,21,https://www.asiamonstr.com/category/giga/page/80,0,2026-09-12T17:52:16+08:00,
AsiaMonstr分类分页,https://www.asiamonstr.com/category/giga/page/80,rendered-ok,21,https://www.asiamonstr.com/category/giga/page/81,0,2026-09-12T17:52:16+08:00,
AsiaMonstr分类分页,https://www.asiamonstr.com/category/giga/page/81,rendered-ok,21,https://www.asiamonstr.com/category/giga/page/82,0,2026-09-12T17:52:16+08:00,
AsiaMonstr分类分页,https://www.asiamonstr.com/category/giga/page/82,rendered-ok,21,https://www.asiamonstr.com/category/giga/page/83,0,2026-09-12T17:52:16+08:00,
AsiaMonstr分类分页,https://www.asiamonstr.com/category/giga/page/83,rendered-ok,21,https://www.asiamonstr.com/category/giga/page/84,0,2026-09-12T17:52:16+08:00,
AsiaMonstr分类分页,https://www.asiamonstr.com/category/giga/page/84,rendered-ok,21,https://www.asiamonstr.com/category/giga/page/85,0,2026-09-12T17:52:16+08:00,
AsiaMonstr分类分页,https://www.asiamonstr.com/category/giga/page/85,rendered-ok,21,https://www.asiamonstr.com/category/giga/page/86,0,2026-09-12T17:52:16+08:00,
AsiaMonstr分类分页,https://www.asiamonstr.com/category/giga/page/86,rendered-ok,21,https://www.asiamonstr.com/category/giga/page/87,0,2026-09-12T17:52:16+08:00,
AsiaMonstr分类分页,https://www.asiamonstr.com/category/giga/page/87,rendered-ok,21,https://www.asiamonstr.com/category/giga/page/88,0,2026-09-12T17:52:16+08:00,
AsiaMonstr分类分页,https://www.asiamonstr.com/category/giga/page/88,rendered-ok,21,https://www.asiamonstr.com/category/giga/page/89,0,2026-09-12T17:52:16+08:00,
AsiaMonstr分类分页,https://www.asiamonstr.com/category/giga/page/89,rendered-ok,21,https://www.asiamonstr.com/category/giga/page/90,0,2026-09-12T17:52:16+08:00,
AsiaMonstr分类分页,https://www.asiamonstr.com/category/giga/page/90,rendered-ok,21,https://www.asiamonstr.com/category/giga/page/91,0,2026-09-12T17:52:16+08:00,
AsiaMonstr分类分页,https://www.asiamonstr.com/category/giga/page/91,rendered-ok,21,https://www.asiamonstr.com/category/giga/page/92,0,2026-09-12T17:52:16+08:00,
AsiaMonstr分类分页,https://www.asiamonstr.com/category/giga/page/92,rendered-ok,21,https://www.asiamonstr.com/category/giga/page/93,0,2026-09-12T17:52:16+08:00,
AsiaMonstr分类分页,https://www.asiamonstr.com/category/giga/page/93,rendered-ok,21,https://www.asiamonstr.com/category/giga/page/94,0,2026-09-12T17:52:16+08:00,
AsiaMonstr分类分页,https://www.asiamonstr.com/category/giga/page/94,rendered-ok,21,https://www.asiamonstr.com/category/giga/page/95,0,2026-09-12T17:52:16+08:00,
AsiaMonstr分类分页,https://www.asiamonstr.com/category/giga/page/95,rendered-ok,21,https://www.asiamonstr.com/category/giga/page/96,0,2026-09-12T17:52:16+08:00,
AsiaMonstr分类分页,https://www.asiamonstr.com/category/giga/page/96,rendered-ok,21,https://www.asiamonstr.com/category/giga/page/97,0,2026-09-12T17:52:16+08:00,
AsiaMonstr分类分页,https://www.asiamonstr.com/category/giga/page/97,rendered-ok,21,https://www.asiamonstr.com/category/giga/page/98,0,2026-09-12T17:52:16+08:00,
AsiaMonstr分类分页,https://www.asiamonstr.com/category/giga/page/98,rendered-ok,21,https://www.asiamonstr.com/category/giga/page/99,0,2026-09-12T17:52:16+08:00,
AsiaMonstr分类分页,https://www.asiamonstr.com/category/giga/page/99,rendered-ok,21,https://www.asiamonstr.com/category/giga/page/100,0,2026-09-12T17:52:16+08:00,
AsiaMonstr分类分页,https://www.asiamonstr.com/category/giga/page/100,rendered-ok,21,https://www.asiamonstr.com/category/giga/page/101,0,2026-09-12T17:52:16+08:00,
AsiaMonstr分类分页,https://www.asiamonstr.com/category/giga/page/101,rendered-ok,21,https://www.asiamonstr.com/category/giga/page/102,0,2026-09-12T17:52:16+08:00,
AsiaMonstr分类分页,https://www.asiamonstr.com/category/giga/page/102,rendered-ok,21,https://www.asiamonstr.com/category/giga/page/103,0,2026-09-12T17:52:16+08:00,
AsiaMonstr分类分页,https://www.asiamonstr.com/category/giga/page/103,rendered-ok,21,https://www.asiamonstr.com/category/giga/page/104,0,2026-09-12T17:52:16+08:00,
AsiaMonstr分类分页,https://www.asiamonstr.com/category/giga/page/104,rendered-ok,21,https://www.asiamonstr.com/category/giga/page/105,0,2026-09-12T17:52:16+08:00,
AsiaMonstr分类分页,https://www.asiamonstr.com/category/giga/page/105,rendered-ok,21,https://www.asiamonstr.com/category/giga/page/106,0,2026-09-12T17:52:16+08:00,
AsiaMonstr分类分页,https://www.asiamonstr.com/category/giga/page/106,rendered-ok,21,https://www.asiamonstr.com/category/giga/page/107,0,2026-09-12T17:52:16+08:00,
AsiaMonstr分类分页,https://www.asiamonstr.com/category/giga/page/107,rendered-ok,21,https://www.asiamonstr.com/category/giga/page/108,0,2026-09-12T17:52:16+08:00,
AsiaMonstr分类分页,https://www.asiamonstr.com/category/giga/page/108,rendered-ok,21,https://www.asiamonstr.com/category/giga/page/109,0,2026-09-12T17:52:16+08:00,
AsiaMonstr分类分页,https://www.asiamonstr.com/category/giga/page/109,rendered-ok,21,https://www.asiamonstr.com/category/giga/page/110,0,2026-09-12T17:52:16+08:00,
AsiaMonstr分类分页,https://www.asiamonstr.com/category/giga/page/110,rendered-ok,21,https://www.asiamonstr.com/category/giga/page/111,0,2026-09-12T17:52:16+08:00,
AsiaMonstr分类分页,https://www.asiamonstr.com/category/giga/page/111,rendered-ok,21,https://www.asiamonstr.com/category/giga/page/112,0,2026-09-12T17:52:16+08:00,
AsiaMonstr分类分页,https://www.asiamonstr.com/category/giga/page/112,rendered-ok,21,https://www.asiamonstr.com/category/giga/page/113,0,2026-09-12T17:52:16+08:00,
AsiaMonstr分类分页,https://www.asiamonstr.com/category/giga/page/113,rendered-ok,21,https://www.asiamonstr.com/category/giga/page/114,0,2026-09-12T17:52:16+08:00,
AsiaMonstr分类分页,https://www.asiamonstr.com/category/giga/page/114,rendered-ok,21,https://www.asiamonstr.com/category/giga/page/115,0,2026-09-12T17:52:16+08:00,
AsiaMonstr分类分页,https://www.asiamonstr.com/category/giga/page/115,rendered-ok,21,https://www.asiamonstr.com/category/giga/page/116,0,2026-09-12T17:52:16+08:00,
AsiaMonstr分类分页,https://www.asiamonstr.com/category/giga/page/116,rendered-ok,21,https://www.asiamonstr.com/category/giga/page/117,0,2026-09-12T17:52:16+08:00,
AsiaMonstr分类分页,https://www.asiamonstr.com/category/giga/page/117,rendered-ok,21,https://www.asiamonstr.com/category/giga/page/118,0,2026-09-12T17:52:16+08:00,
AsiaMonstr分类分页,https://www.asiamonstr.com/category/giga/page/118,rendered-ok,21,https://www.asiamonstr.com/category/giga/page/119,0,2026-09-12T17:52:16+08:00,
AsiaMonstr分类分页,https://www.asiamonstr.com/category/giga/page/119,rendered-ok,21,https://www.asiamonstr.com/category/giga/page/120,0,2026-09-12T17:52:16+08:00,
AsiaMonstr分类分页,https://www.asiamonstr.com/category/giga/page/120,rendered-ok,21,https://www.asiamonstr.com/category/giga/page/121,0,2026-09-12T17:52:16+08:00,
AsiaMonstr分类分页,https://www.asiamonstr.com/category/giga/page/121,rendered-ok,21,https://www.asiamonstr.com/category/giga/page/122,0,2026-09-12T17:52:16+08:00,
AsiaMonstr分类分页,https://www.asiamonstr.com/category/giga/page/122,rendered-ok,21,https://www.asiamonstr.com/category/giga/page/123,0,2026-09-12T17:52:16+08:00,
AsiaMonstr分类分页,https://www.asiamonstr.com/category/giga/page/123,rendered-ok,21,https://www.asiamonstr.com/category/giga/page/124,0,2026-09-12T17:52:16+08:00,
AsiaMonstr分类分页,https://www.asiamonstr.com/category/giga/page/124,rendered-ok,21,https://www.asiamonstr.com/category/giga/page/125,0,2026-09-12T17:52:16+08:00,
AsiaMonstr分类分页,https://www.asiamonstr.com/category/giga/page/125,rendered-ok,21,https://www.asiamonstr.com/category/giga/page/126,0,2026-09-12T17:52:16+08:00,
AsiaMonstr分类分页,https://www.asiamonstr.com/category/giga/page/126,rendered-ok,21,https://www.asiamonstr.com/category/giga/page/127,0,2026-09-12T17:52:16+08:00,
AsiaMonstr分类分页,https://www.asiamonstr.com/category/giga/page/127,rendered-ok,21,https://www.asiamonstr.com/category/giga/page/128,0,2026-09-12T17:52:16+08:00,
AsiaMonstr分类分页,https://www.asiamonstr.com/category/giga/page/128,rendered-ok,21,https://www.asiamonstr.com/category/giga/page/129,0,2026-09-12T17:52:16+08:00,
AsiaMonstr分类分页,https://www.asiamonstr.com/category/giga/page/129,rendered-ok,21,https://www.asiamonstr.com/category/giga/page/130,0,2026-09-12T17:52:16+08:00,
AsiaMonstr分类分页,https://www.asiamonstr.com/category/giga/page/130,rendered-ok,21,https://www.asiamonstr.com/category/giga/page/131,0,2026-09-12T17:52:16+08:00,
AsiaMonstr分类分页,https://www.asiamonstr.com/category/giga/page/131,rendered-ok,21,https://www.asiamonstr.com/category/giga/page/132,0,2026-09-12T17:52:16+08:00,
AsiaMonstr分类分页,https://www.asiamonstr.com/category/giga/page/132,rendered-ok,21,https://www.asiamonstr.com/category/giga/page/133,0,2026-09-12T17:52:16+08:00,
AsiaMonstr分类分页,https://www.asiamonstr.com/category/giga/page/133,rendered-ok,21,https://www.asiamonstr.com/category/giga/page/134,0,2026-09-12T17:52:16+08:00,
AsiaMonstr分类分页,https://www.asiamonstr.com/category/giga/page/134,rendered-ok,21,https://www.asiamonstr.com/category/giga/page/135,0,2026-09-12T17:52:16+08:00,
AsiaMonstr分类分页,https://www.asiamonstr.com/category/giga/page/135,rendered-ok,21,https://www.asiamonstr.com/category/giga/page/136,0,2026-09-12T17:52:16+08:00,
AsiaMonstr分类分页,https://www.asiamonstr.com/category/giga/page/136,rendered-ok,21,https://www.asiamonstr.com/category/giga/page/137,0,2026-09-12T17:52:16+08:00,
AsiaMonstr分类分页,https://www.asiamonstr.com/category/giga/page/137,rendered-ok,21,https://www.asiamonstr.com/category/giga/page/138,0,2026-09-12T17:52:16+08:00,
AsiaMonstr分类分页,https://www.asiamonstr.com/category/giga/page/138,rendered-ok,21,https://www.asiamonstr.com/category/giga/page/139,0,2026-09-12T17:52:16+08:00,
AsiaMonstr分类分页,https://www.asiamonstr.com/category/giga/page/139,rendered-ok,21,https://www.asiamonstr.com/category/giga/page/140,0,2026-09-12T17:52:16+08:00,
AsiaMonstr分类分页,https://www.asiamonstr.com/category/giga/page/140,rendered-ok,21,https://www.asiamonstr.com/category/giga/page/141,0,2026-09-12T17:52:16+08:00,
AsiaMonstr分类分页,https://www.asiamonstr.com/category/giga/page/141,rendered-ok,21,https://www.asiamonstr.com/category/giga/page/142,0,2026-09-12T17:52:16+08:00,
AsiaMonstr分类分页,https://www.asiamonstr.com/category/giga/page/142,rendered-ok,21,https://www.asiamonstr.com/category/giga/page/143,0,2026-09-12T17:52:16+08:00,
AsiaMonstr分类分页,https://www.asiamonstr.com/category/giga/page/143,rendered-ok,21,https://www.asiamonstr.com/category/giga/page/144,0,2026-09-12T17:52:16+08:00,
AsiaMonstr分类分页,https://www.asiamonstr.com/category/giga/page/144,rendered-ok,21,https://www.asiamonstr.com/category/giga/page/145,0,2026-09-12T17:52:16+08:00,
AsiaMonstr分类分页,https://www.asiamonstr.com/category/giga/page/145,rendered-ok,21,https://www.asiamonstr.com/category/giga/page/146,0,2026-09-12T17:52:16+08:00,
AsiaMonstr分类分页,https://www.asiamonstr.com/category/giga/page/146,rendered-ok,21,https://www.asiamonstr.com/category/giga/page/147,0,2026-09-12T17:52:16+08:00,
AsiaMonstr分类分页,https://www.asiamonstr.com/category/giga/page/147,rendered-ok,21,https://www.asiamonstr.com/category/giga/page/148,0,2026-09-12T17:52:16+08:00,
AsiaMonstr分类分页,https://www.asiamonstr.com/category/giga/page/148,rendered-ok,21,https://www.asiamonstr.com/category/giga/page/149,0,2026-09-12T17:52:16+08:00,
AsiaMonstr分类分页,https://www.asiamonstr.com/category/giga/page/149,rendered-ok,21,https://www.asiamonstr.com/category/giga/page/150,0,2026-09-12T17:52:16+08:00,
AsiaMonstr分类分页,https://www.asiamonstr.com/category/giga/page/150,rendered-ok,21,https://www.asiamonstr.com/category/giga/page/151,0,2026-09-12T17:52:16+08:00,
AsiaMonstr分类分页,https://www.asiamonstr.com/category/giga/page/151,rendered-ok,21,https://www.asiamonstr.com/category/giga/page/152,0,2026-09-12T17:52:16+08:00,
AsiaMonstr分类分页,https://www.asiamonstr.com/category/giga/page/152,rendered-ok,21,https://www.asiamonstr.com/category/giga/page/153,0,2026-09-12T17:52:16+08:00,
AsiaMonstr分类分页,https://www.asiamonstr.com/category/giga/page/153,rendered-ok,21,https://www.asiamonstr.com/category/giga/page/154,0,2026-09-12T17:52:16+08:00,
AsiaMonstr分类分页,https://www.asiamonstr.com/category/giga/page/154,rendered-ok,21,https://www.asiamonstr.com/category/giga/page/155,0,2026-09-12T17:52:16+08:00,
AsiaMonstr分类分页,https://www.asiamonstr.com/category/giga/page/155,rendered-ok,21,https://www.asiamonstr.com/category/giga/page/156,0,2026-09-12T17:52:16+08:00,
AsiaMonstr分类分页,https://www.asiamonstr.com/category/giga/page/156,rendered-ok,21,https://www.asiamonstr.com/category/giga/page/157,0,2026-09-12T17:52:16+08:00,
AsiaMonstr分类分页,https://www.asiamonstr.com/category/giga/page/157,rendered-ok,21,https://www.asiamonstr.com/category/giga/page/158,0,2026-09-12T17:52:16+08:00,
AsiaMonstr分类分页,https://www.asiamonstr.com/category/giga/page/158,rendered-ok,21,https://www.asiamonstr.com/category/giga/page/159,0,2026-09-12T17:52:16+08:00,
AsiaMonstr分类分页,https://www.asiamonstr.com/category/giga/page/159,rendered-ok,21,https://www.asiamonstr.com/category/giga/page/160,0,2026-09-12T17:52:16+08:00,
AsiaMonstr分类分页,https://www.asiamonstr.com/category/giga/page/160,rendered-ok,21,https://www.asiamonstr.com/category/giga/page/161,0,2026-09-12T17:52:16+08:00,
AsiaMonstr分类分页,https://www.asiamonstr.com/category/giga/page/161,rendered-ok,21,https://www.asiamonstr.com/category/giga/page/162,0,2026-09-12T17:52:16+08:00,
AsiaMonstr分类分页,https://www.asiamonstr.com/category/giga/page/162,rendered-ok,21,https://www.asiamonstr.com/category/giga/page/163,0,2026-09-12T17:52:16+08:00,
AsiaMonstr分类分页,https://www.asiamonstr.com/category/giga/page/163,rendered-ok,21,https://www.asiamonstr.com/category/giga/page/164,0,2026-09-12T17:52:16+08:00,
AsiaMonstr分类分页,https://www.asiamonstr.com/category/giga/page/164,rendered-ok,21,https://www.asiamonstr.com/category/giga/page/165,0,2026-09-12T17:52:16+08:00,
AsiaMonstr分类分页,https://www.asiamonstr.com/category/giga/page/165,rendered-ok,21,https://www.asiamonstr.com/category/giga/page/166,0,2026-09-12T17:52:16+08:00,
AsiaMonstr分类分页,https://www.asiamonstr.com/category/giga/page/166,rendered-ok,21,https://www.asiamonstr.com/category/giga/page/167,0,2026-09-12T17:52:16+08:00,
AsiaMonstr分类分页,https://www.asiamonstr.com/category/giga/page/167,rendered-ok,21,https://www.asiamonstr.com/category/giga/page/168,0,2026-09-12T17:52:16+08:00,
AsiaMonstr分类分页,https://www.asiamonstr.com/category/giga/page/168,rendered-ok,21,https://www.asiamonstr.com/category/giga/page/169,0,2026-09-12T17:52:16+08:00,
AsiaMonstr分类分页,https://www.asiamonstr.com/category/giga/page/169,rendered-ok,21,https://www.asiamonstr.com/category/giga/page/170,0,2026-09-12T17:52:16+08:00,
AsiaMonstr分类分页,https://www.asiamonstr.com/category/giga/page/170,rendered-ok,21,https://www.asiamonstr.com/category/giga/page/171,0,2026-09-12T17:52:16+08:00,
AsiaMonstr分类分页,https://www.asiamonstr.com/category/giga/page/171,rendered-ok,21,https://www.asiamonstr.com/category/giga/page/172,0,2026-09-12T17:52:16+08:00,
AsiaMonstr分类分页,https://www.asiamonstr.com/category/giga/page/172,rendered-ok,21,https://www.asiamonstr.com/category/giga/page/173,0,2026-09-12T17:52:16+08:00,
AsiaMonstr分类分页,https://www.asiamonstr.com/category/giga/page/173,rendered-ok,21,https://www.asiamonstr.com/category/giga/page/174,0,2026-09-12T17:52:16+08:00,
AsiaMonstr分类分页,https://www.asiamonstr.com/category/giga/page/174,rendered-ok,21,https://www.asiamonstr.com/category/giga/page/175,0,2026-09-12T17:52:16+08:00,
AsiaMonstr分类分页,https://www.asiamonstr.com/category/giga/page/175,rendered-ok,21,https://www.asiamonstr.com/category/giga/page/176,0,2026-09-12T17:52:16+08:00,
AsiaMonstr分类分页,https://www.asiamonstr.com/category/giga/page/176,rendered-ok,21,https://www.asiamonstr.com/category/giga/page/177,0,2026-09-12T17:52:16+08:00,
AsiaMonstr分类分页,https://www.asiamonstr.com/category/giga/page/177,rendered-ok,21,https://www.asiamonstr.com/category/giga/page/178,0,2026-09-12T17:52:16+08:00,
AsiaMonstr分类分页,https://www.asiamonstr.com/category/giga/page/178,rendered-ok,21,https://www.asiamonstr.com/category/giga/page/179,0,2026-09-12T17:52:16+08:00,
AsiaMonstr分类分页,https://www.asiamonstr.com/category/giga/page/179,rendered-ok,21,https://www.asiamonstr.com/category/giga/page/180,0,2026-09-12T17:52:16+08:00,
AsiaMonstr分类分页,https://www.asiamonstr.com/category/giga/page/180,rendered-ok,21,https://www.asiamonstr.com/category/giga/page/181,0,2026-09-12T17:52:16+08:00,
AsiaMonstr分类分页,https://www.asiamonstr.com/category/giga/page/181,rendered-ok,21,https://www.asiamonstr.com/category/giga/page/182,0,2026-09-12T17:52:16+08:00,
AsiaMonstr分类分页,https://www.asiamonstr.com/category/giga/page/182,rendered-ok,21,https://www.asiamonstr.com/category/giga/page/183,0,2026-09-12T17:52:16+08:00,
AsiaMonstr分类分页,https://www.asiamonstr.com/category/giga/page/183,rendered-ok,21,https://www.asiamonstr.com/category/giga/page/184,0,2026-09-12T17:52:16+08:00,
AsiaMonstr分类分页,https://www.asiamonstr.com/category/giga/page/184,rendered-ok,21,https://www.asiamonstr.com/category/giga/page/185,0,2026-09-12T17:52:16+08:00,
AsiaMonstr分类分页,https://www.asiamonstr.com/category/giga/page/185,rendered-ok,21,https://www.asiamonstr.com/category/giga/page/186,0,2026-09-12T17:52:16+08:00,
AsiaMonstr分类分页,https://www.asiamonstr.com/category/giga/page/186,rendered-ok,21,https://www.asiamonstr.com/category/giga/page/187,0,2026-09-12T17:52:16+08:00,
AsiaMonstr分类分页,https://www.asiamonstr.com/category/giga/page/187,rendered-ok,21,https://www.asiamonstr.com/category/giga/page/188,0,2026-09-12T17:52:16+08:00,
AsiaMonstr分类分页,https://www.asiamonstr.com/category/giga/page/188,rendered-ok,21,https://www.asiamonstr.com/category/giga/page/189,0,2026-09-12T17:52:16+08:00,
AsiaMonstr分类分页,https://www.asiamonstr.com/category/giga/page/189,rendered-ok,21,https://www.asiamonstr.com/category/giga/page/190,0,2026-09-12T17:52:16+08:00,
AsiaMonstr分类分页,https://www.asiamonstr.com/category/giga/page/190,rendered-ok,21,https://www.asiamonstr.com/category/giga/page/191,0,2026-09-12T17:52:16+08:00,
AsiaMonstr分类分页,https://www.asiamonstr.com/category/giga/page/191,rendered-ok,21,https://www.asiamonstr.com/category/giga/page/192,0,2026-09-12T17:52:16+08:00,
AsiaMonstr分类分页,https://www.asiamonstr.com/category/giga/page/192,rendered-ok,21,https://www.asiamonstr.com/category/giga/page/193,0,2026-09-12T17:52:16+08:00,
AsiaMonstr分类分页,https://www.asiamonstr.com/category/giga/page/193,rendered-ok,21,https://www.asiamonstr.com/category/giga/page/194,0,2026-09-12T17:52:16+08:00,
AsiaMonstr分类分页,https://www.asiamonstr.com/category/giga/page/194,rendered-ok,21,https://www.asiamonstr.com/category/giga/page/195,0,2026-09-12T17:52:16+08:00,
AsiaMonstr分类分页,https://www.asiamonstr.com/category/giga/page/195,rendered-ok,21,https://www.asiamonstr.com/category/giga/page/196,0,2026-09-12T17:52:16+08:00,
AsiaMonstr分类分页,https://www.asiamonstr.com/category/giga/page/196,rendered-ok,21,https://www.asiamonstr.com/category/giga/page/197,0,2026-09-12T17:52:16+08:00,
AsiaMonstr分类分页,https://www.asiamonstr.com/category/giga/page/197,rendered-ok,21,https://www.asiamonstr.com/category/giga/page/198,0,2026-09-12T17:52:16+08:00,
AsiaMonstr分类分页,https://www.asiamonstr.com/category/giga/page/198,rendered-ok,11,,0,2026-09-12T17:52:16+08:00,
AsiaMonstr详情页,https://www.asiamonstr.com/giga/gomk-23-heroine-being-realized-sexy-mask.html,200,1,,0,2026-09-12T17:42:00+08:00,Category summary omitted the code; the browser-rendered detail page displayed it explicitly. No media or download link was opened.
Git历史目录,c62b6e41da62a693aa91a9682f177df662166611:public/data/catalog.json,ok,3787,,0,2026-09-12T17:52:16+08:00,
Git历史目录,821606aef16138216860c3d1a40121f9fc71c724:public/data/catalog.json,ok,3787,,0,2026-09-12T17:52:16+08:00,
Git历史目录,36fa7be104e84a847c66ba5bfcd45a40d4eaea6f:public/data/catalog.json,ok,3785,,0,2026-09-12T17:52:16+08:00,
Git历史目录,f741f03903b68a20021bd91a47880a52e1802481:public/data/catalog.json,ok,3785,,0,2026-09-12T17:52:16+08:00,
Git历史目录,e4e5ea43a3dc0267539c319004a623f23f7e3ee3:public/data/catalog.json,ok,3785,,0,2026-09-12T17:52:16+08:00,
Git历史目录,c60b4b8a609c1e01736966bab0ad28ca2f33d544:public/data/catalog.json,ok,3785,,0,2026-09-12T17:52:16+08:00,
Git历史目录,dd9794c0cf6992cc476a80536330efe4b58e39b1:public/data/catalog.json,ok,3784,,0,2026-09-12T17:52:16+08:00,
Git历史目录,83d080d9335aaa17621effacd4c2aedcb5ccd919:public/data/catalog.json,ok,3783,,0,2026-09-12T17:52:16+08:00,
Git历史目录,40e4d0b8532c27dc142787d3b5c6c94c6f35d879:public/data/catalog.json,ok,3783,,0,2026-09-12T17:52:16+08:00,
Git历史目录,b7b0d133595365822c3896b14737feeab882d757:public/data/catalog.json,ok,3782,,0,2026-09-12T17:52:16+08:00,
Git历史目录,99185d770c7098d1f589a1517d2e147b66ae9d80:public/data/catalog.json,ok,3782,,0,2026-09-12T17:52:16+08:00,
Git历史目录,201f4615d0524eeccf56b6c0d8bae0679d89bcaf:public/data/catalog.json,ok,3781,,0,2026-09-12T17:52:16+08:00,
Git历史目录,f51c7c20e04f19acc61fbf49dfed060992f4c3c3:public/data/catalog.json,ok,3780,,0,2026-09-12T17:52:16+08:00,
Git历史目录,5a86eacb5b639d6bed11e56d002e2ba31f46bb74:public/data/catalog.json,ok,3779,,0,2026-09-12T17:52:16+08:00,
Git历史目录,a431ccae6c6341dd413f1109f3f0ec697bec88cf:public/data/catalog.json,ok,3779,,0,2026-09-12T17:52:16+08:00,
Git历史目录,b2f7a3e714bd49d9fa8c262d4460ce09c5286ec0:public/data/catalog.json,ok,3787,,0,2026-09-12T17:52:16+08:00,
Git历史目录,b8c1609c6eab57a96d6486d18175d4ee1c52d257:public/data/catalog.json,ok,3787,,0,2026-09-12T17:52:16+08:00,
Git历史目录,fb07a3ad9a69a3a57c96eab4405e1d5f45c507ed:public/data/catalog.json,ok,3787,,0,2026-09-12T17:52:16+08:00,
Git历史目录,0f1fe95ab25224f11cfd8fe304a3ed14a4fdd3ec:public/data/catalog.json,ok,3786,,0,2026-09-12T17:52:16+08:00,
Git历史目录,8104579b6cc7411748b1685868af22e5b8d0dd77:public/data/catalog.json,ok,3786,,0,2026-09-12T17:52:16+08:00,
历史目录/旧链接表,C:\Users\baihzhantong\Documents\GIGA自制网站\.worktrees\giga-missing-audit-20260912\data\raw\products.json,ok,3782,,0,2026-09-12T17:52:16+08:00,
历史目录/旧链接表,D:\giga-catalog\data.json,ok,3200,,0,2026-09-12T17:52:16+08:00,
历史目录/旧链接表,D:\giga-catalog\links.json,ok,2983,,0,2026-09-12T17:52:16+08:00,
历史目录/旧链接表,D:\giga-catalog\giga_links.csv,ok,12,,0,2026-09-12T17:52:16+08:00,
历史目录/旧链接表,D:\giga-catalog\giga_links2.csv,ok,12,,0,2026-09-12T17:52:16+08:00,
历史目录/旧链接表,D:\giga-catalog\giga_sheet_0.csv,ok,12,,0,2026-09-12T17:52:16+08:00,
历史目录/旧链接表,D:\giga-catalog\giga_sheet_1.csv,ok,0,,0,2026-09-12T17:52:16+08:00,
历史目录/旧链接表,D:\giga-catalog\giga_sheet_2.csv,ok,0,,0,2026-09-12T17:52:16+08:00,
历史目录/旧链接表,D:\giga-catalog\giga_sheet_3.csv,ok,0,,0,2026-09-12T17:52:16+08:00,
历史目录/旧链接表,D:\giga-catalog\giga_sheet_4.csv,ok,0,,0,2026-09-12T17:52:16+08:00,
历史目录/旧链接表,D:\giga-catalog\giga_sheet_5.csv,ok,0,,0,2026-09-12T17:52:16+08:00,
GIGA官方目录,https://www.giga-web.jp/search/index.php?count=1&sort=1,ok,20,,0,2026-09-12T17:52:16+08:00,
GIGA官方目录,https://www.giga-web.jp/search/index.php?count=2&sort=1,ok,20,,0,2026-09-12T17:52:16+08:00,
GIGA官方目录,https://www.giga-web.jp/search/index.php?count=3&sort=1,ok,20,,0,2026-09-12T17:52:16+08:00,
GIGA官方目录,https://www.giga-web.jp/search/index.php?count=4&sort=1,ok,20,,0,2026-09-12T17:52:16+08:00,
GIGA官方目录,https://www.giga-web.jp/search/index.php?count=5&sort=1,ok,20,,0,2026-09-12T17:52:16+08:00,
GIGA官方目录,https://www.giga-web.jp/search/index.php?count=6&sort=1,ok,20,,0,2026-09-12T17:52:16+08:00,
GIGA官方目录,https://www.giga-web.jp/search/index.php?count=7&sort=1,ok,20,,0,2026-09-12T17:52:16+08:00,
GIGA官方目录,https://www.giga-web.jp/search/index.php?count=8&sort=1,ok,20,,0,2026-09-12T17:52:16+08:00,
GIGA官方目录,https://www.giga-web.jp/search/index.php?count=9&sort=1,ok,20,,0,2026-09-12T17:52:16+08:00,
GIGA官方目录,https://www.giga-web.jp/search/index.php?count=10&sort=1,ok,20,,0,2026-09-12T17:52:16+08:00,
GIGA官方目录,https://www.giga-web.jp/search/index.php?count=11&sort=1,ok,20,,0,2026-09-12T17:52:16+08:00,
GIGA官方目录,https://www.giga-web.jp/search/index.php?count=12&sort=1,ok,20,,0,2026-09-12T17:52:16+08:00,
GIGA官方目录,https://www.giga-web.jp/search/index.php?count=13&sort=1,ok,20,,0,2026-09-12T17:52:16+08:00,
GIGA官方目录,https://www.giga-web.jp/search/index.php?count=14&sort=1,ok,20,,0,2026-09-12T17:52:16+08:00,
GIGA官方目录,https://www.giga-web.jp/search/index.php?count=15&sort=1,ok,20,,0,2026-09-12T17:52:16+08:00,
GIGA官方目录,https://www.giga-web.jp/search/index.php?count=16&sort=1,ok,20,,0,2026-09-12T17:52:16+08:00,
GIGA官方目录,https://www.giga-web.jp/search/index.php?count=17&sort=1,ok,20,,0,2026-09-12T17:52:16+08:00,
GIGA官方目录,https://www.giga-web.jp/search/index.php?count=18&sort=1,ok,20,,0,2026-09-12T17:52:16+08:00,
GIGA官方目录,https://www.giga-web.jp/search/index.php?count=19&sort=1,ok,20,,0,2026-09-12T17:52:16+08:00,
GIGA官方目录,https://www.giga-web.jp/search/index.php?count=20&sort=1,ok,20,,0,2026-09-12T17:52:16+08:00,
GIGA官方目录,https://www.giga-web.jp/search/index.php?count=21&sort=1,ok,20,,0,2026-09-12T17:52:16+08:00,
GIGA官方目录,https://www.giga-web.jp/search/index.php?count=22&sort=1,ok,20,,0,2026-09-12T17:52:16+08:00,
GIGA官方目录,https://www.giga-web.jp/search/index.php?count=23&sort=1,ok,20,,0,2026-09-12T17:52:16+08:00,
GIGA官方目录,https://www.giga-web.jp/search/index.php?count=24&sort=1,ok,20,,0,2026-09-12T17:52:16+08:00,
GIGA官方目录,https://www.giga-web.jp/search/index.php?count=25&sort=1,ok,20,,0,2026-09-12T17:52:16+08:00,
GIGA官方目录,https://www.giga-web.jp/search/index.php?count=26&sort=1,ok,20,,0,2026-09-12T17:52:16+08:00,
GIGA官方目录,https://www.giga-web.jp/search/index.php?count=27&sort=1,ok,20,,0,2026-09-12T17:52:16+08:00,
GIGA官方目录,https://www.giga-web.jp/search/index.php?count=28&sort=1,ok,20,,0,2026-09-12T17:52:16+08:00,
GIGA官方目录,https://www.giga-web.jp/search/index.php?count=29&sort=1,ok,20,,0,2026-09-12T17:52:16+08:00,
GIGA官方目录,https://www.giga-web.jp/search/index.php?count=30&sort=1,ok,20,,0,2026-09-12T17:52:16+08:00,
GIGA官方目录,https://www.giga-web.jp/search/index.php?count=31&sort=1,ok,20,,0,2026-09-12T17:52:16+08:00,
GIGA官方目录,https://www.giga-web.jp/search/index.php?count=32&sort=1,ok,20,,0,2026-09-12T17:52:16+08:00,
GIGA官方目录,https://www.giga-web.jp/search/index.php?count=33&sort=1,ok,20,,0,2026-09-12T17:52:16+08:00,
GIGA官方目录,https://www.giga-web.jp/search/index.php?count=34&sort=1,ok,20,,0,2026-09-12T17:52:16+08:00,
GIGA官方目录,https://www.giga-web.jp/search/index.php?count=35&sort=1,ok,20,,0,2026-09-12T17:52:16+08:00,
GIGA官方目录,https://www.giga-web.jp/search/index.php?count=36&sort=1,ok,20,,0,2026-09-12T17:52:16+08:00,
GIGA官方目录,https://www.giga-web.jp/search/index.php?count=37&sort=1,ok,20,,0,2026-09-12T17:52:16+08:00,
GIGA官方目录,https://www.giga-web.jp/search/index.php?count=38&sort=1,ok,20,,0,2026-09-12T17:52:16+08:00,
GIGA官方目录,https://www.giga-web.jp/search/index.php?count=39&sort=1,ok,20,,0,2026-09-12T17:52:16+08:00,
GIGA官方目录,https://www.giga-web.jp/search/index.php?count=40&sort=1,ok,20,,0,2026-09-12T17:52:16+08:00,
GIGA官方目录,https://www.giga-web.jp/search/index.php?count=41&sort=1,ok,20,,0,2026-09-12T17:52:16+08:00,
GIGA官方目录,https://www.giga-web.jp/search/index.php?count=42&sort=1,ok,20,,0,2026-09-12T17:52:16+08:00,
GIGA官方目录,https://www.giga-web.jp/search/index.php?count=43&sort=1,ok,20,,0,2026-09-12T17:52:16+08:00,
GIGA官方目录,https://www.giga-web.jp/search/index.php?count=44&sort=1,ok,20,,0,2026-09-12T17:52:16+08:00,
GIGA官方目录,https://www.giga-web.jp/search/index.php?count=45&sort=1,ok,20,,0,2026-09-12T17:52:16+08:00,
GIGA官方目录,https://www.giga-web.jp/search/index.php?count=46&sort=1,ok,20,,0,2026-09-12T17:52:16+08:00,
GIGA官方目录,https://www.giga-web.jp/search/index.php?count=47&sort=1,ok,20,,0,2026-09-12T17:52:16+08:00,
GIGA官方目录,https://www.giga-web.jp/search/index.php?count=48&sort=1,ok,20,,0,2026-09-12T17:52:16+08:00,
GIGA官方目录,https://www.giga-web.jp/search/index.php?count=49&sort=1,ok,20,,0,2026-09-12T17:52:16+08:00,
GIGA官方目录,https://www.giga-web.jp/search/index.php?count=50&sort=1,ok,20,,0,2026-09-12T17:52:16+08:00,
GIGA官方目录,https://www.giga-web.jp/search/index.php?count=51&sort=1,ok,20,,0,2026-09-12T17:52:16+08:00,
GIGA官方目录,https://www.giga-web.jp/search/index.php?count=52&sort=1,ok,20,,0,2026-09-12T17:52:16+08:00,
GIGA官方目录,https://www.giga-web.jp/search/index.php?count=53&sort=1,ok,20,,0,2026-09-12T17:52:16+08:00,
GIGA官方目录,https://www.giga-web.jp/search/index.php?count=54&sort=1,ok,20,,0,2026-09-12T17:52:16+08:00,
GIGA官方目录,https://www.giga-web.jp/search/index.php?count=55&sort=1,ok,20,,0,2026-09-12T17:52:16+08:00,
GIGA官方目录,https://www.giga-web.jp/search/index.php?count=56&sort=1,ok,20,,0,2026-09-12T17:52:16+08:00,
GIGA官方目录,https://www.giga-web.jp/search/index.php?count=57&sort=1,ok,20,,0,2026-09-12T17:52:16+08:00,
GIGA官方目录,https://www.giga-web.jp/search/index.php?count=58&sort=1,ok,20,,0,2026-09-12T17:52:16+08:00,
GIGA官方目录,https://www.giga-web.jp/search/index.php?count=59&sort=1,ok,20,,0,2026-09-12T17:52:16+08:00,
GIGA官方目录,https://www.giga-web.jp/search/index.php?count=60&sort=1,ok,20,,0,2026-09-12T17:52:16+08:00,
GIGA官方目录,https://www.giga-web.jp/search/index.php?count=61&sort=1,ok,20,,0,2026-09-12T17:52:16+08:00,
GIGA官方目录,https://www.giga-web.jp/search/index.php?count=62&sort=1,ok,20,,0,2026-09-12T17:52:16+08:00,
GIGA官方目录,https://www.giga-web.jp/search/index.php?count=63&sort=1,ok,20,,0,2026-09-12T17:52:16+08:00,
GIGA官方目录,https://www.giga-web.jp/search/index.php?count=64&sort=1,ok,20,,0,2026-09-12T17:52:16+08:00,
GIGA官方目录,https://www.giga-web.jp/search/index.php?count=65&sort=1,ok,20,,0,2026-09-12T17:52:16+08:00,
GIGA官方目录,https://www.giga-web.jp/search/index.php?count=66&sort=1,ok,20,,0,2026-09-12T17:52:16+08:00,
GIGA官方目录,https://www.giga-web.jp/search/index.php?count=67&sort=1,ok,20,,0,2026-09-12T17:52:16+08:00,
GIGA官方目录,https://www.giga-web.jp/search/index.php?count=68&sort=1,ok,20,,0,2026-09-12T17:52:16+08:00,
GIGA官方目录,https://www.giga-web.jp/search/index.php?count=69&sort=1,ok,20,,0,2026-09-12T17:52:16+08:00,
GIGA官方目录,https://www.giga-web.jp/search/index.php?count=70&sort=1,ok,20,,0,2026-09-12T17:52:16+08:00,
GIGA官方目录,https://www.giga-web.jp/search/index.php?count=71&sort=1,ok,20,,0,2026-09-12T17:52:16+08:00,
GIGA官方目录,https://www.giga-web.jp/search/index.php?count=72&sort=1,ok,20,,0,2026-09-12T17:52:16+08:00,
GIGA官方目录,https://www.giga-web.jp/search/index.php?count=73&sort=1,ok,20,,0,2026-09-12T17:52:16+08:00,
GIGA官方目录,https://www.giga-web.jp/search/index.php?count=74&sort=1,ok,20,,0,2026-09-12T17:52:16+08:00,
GIGA官方目录,https://www.giga-web.jp/search/index.php?count=75&sort=1,ok,20,,0,2026-09-12T17:52:16+08:00,
GIGA官方目录,https://www.giga-web.jp/search/index.php?count=76&sort=1,ok,20,,0,2026-09-12T17:52:16+08:00,
GIGA官方目录,https://www.giga-web.jp/search/index.php?count=77&sort=1,ok,20,,0,2026-09-12T17:52:16+08:00,
GIGA官方目录,https://www.giga-web.jp/search/index.php?count=78&sort=1,ok,20,,0,2026-09-12T17:52:16+08:00,
GIGA官方目录,https://www.giga-web.jp/search/index.php?count=79&sort=1,ok,20,,0,2026-09-12T17:52:16+08:00,
GIGA官方目录,https://www.giga-web.jp/search/index.php?count=80&sort=1,ok,20,,0,2026-09-12T17:52:16+08:00,
GIGA官方目录,https://www.giga-web.jp/search/index.php?count=81&sort=1,ok,20,,0,2026-09-12T17:52:16+08:00,
GIGA官方目录,https://www.giga-web.jp/search/index.php?count=82&sort=1,ok,20,,0,2026-09-12T17:52:16+08:00,
GIGA官方目录,https://www.giga-web.jp/search/index.php?count=83&sort=1,ok,20,,0,2026-09-12T17:52:16+08:00,
GIGA官方目录,https://www.giga-web.jp/search/index.php?count=84&sort=1,ok,20,,0,2026-09-12T17:52:16+08:00,
GIGA官方目录,https://www.giga-web.jp/search/index.php?count=85&sort=1,ok,20,,0,2026-09-12T17:52:16+08:00,
GIGA官方目录,https://www.giga-web.jp/search/index.php?count=86&sort=1,ok,20,,0,2026-09-12T17:52:16+08:00,
GIGA官方目录,https://www.giga-web.jp/search/index.php?count=87&sort=1,ok,20,,0,2026-09-12T17:52:16+08:00,
GIGA官方目录,https://www.giga-web.jp/search/index.php?count=88&sort=1,ok,20,,0,2026-09-12T17:52:16+08:00,
GIGA官方目录,https://www.giga-web.jp/search/index.php?count=89&sort=1,ok,20,,0,2026-09-12T17:52:16+08:00,
GIGA官方目录,https://www.giga-web.jp/search/index.php?count=90&sort=1,ok,20,,0,2026-09-12T17:52:16+08:00,
GIGA官方目录,https://www.giga-web.jp/search/index.php?count=91&sort=1,ok,20,,0,2026-09-12T17:52:16+08:00,
GIGA官方目录,https://www.giga-web.jp/search/index.php?count=92&sort=1,ok,20,,0,2026-09-12T17:52:16+08:00,
GIGA官方目录,https://www.giga-web.jp/search/index.php?count=93&sort=1,ok,20,,0,2026-09-12T17:52:16+08:00,
GIGA官方目录,https://www.giga-web.jp/search/index.php?count=94&sort=1,ok,20,,0,2026-09-12T17:52:16+08:00,
GIGA官方目录,https://www.giga-web.jp/search/index.php?count=95&sort=1,ok,20,,0,2026-09-12T17:52:16+08:00,
GIGA官方目录,https://www.giga-web.jp/search/index.php?count=96&sort=1,ok,20,,0,2026-09-12T17:52:16+08:00,
GIGA官方目录,https://www.giga-web.jp/search/index.php?count=97&sort=1,ok,20,,0,2026-09-12T17:52:16+08:00,
GIGA官方目录,https://www.giga-web.jp/search/index.php?count=98&sort=1,ok,20,,0,2026-09-12T17:52:16+08:00,
GIGA官方目录,https://www.giga-web.jp/search/index.php?count=99&sort=1,ok,20,,0,2026-09-12T17:52:16+08:00,
GIGA官方目录,https://www.giga-web.jp/search/index.php?count=100&sort=1,ok,20,,0,2026-09-12T17:52:16+08:00,
GIGA官方目录,https://www.giga-web.jp/search/index.php?count=101&sort=1,ok,20,,0,2026-09-12T17:52:16+08:00,
GIGA官方目录,https://www.giga-web.jp/search/index.php?count=102&sort=1,ok,20,,0,2026-09-12T17:52:16+08:00,
GIGA官方目录,https://www.giga-web.jp/search/index.php?count=103&sort=1,ok,20,,0,2026-09-12T17:52:16+08:00,
GIGA官方目录,https://www.giga-web.jp/search/index.php?count=104&sort=1,ok,20,,0,2026-09-12T17:52:16+08:00,
GIGA官方目录,https://www.giga-web.jp/search/index.php?count=105&sort=1,ok,20,,0,2026-09-12T17:52:16+08:00,
GIGA官方目录,https://www.giga-web.jp/search/index.php?count=106&sort=1,ok,20,,0,2026-09-12T17:52:16+08:00,
GIGA官方目录,https://www.giga-web.jp/search/index.php?count=107&sort=1,ok,20,,0,2026-09-12T17:52:16+08:00,
GIGA官方目录,https://www.giga-web.jp/search/index.php?count=108&sort=1,ok,20,,0,2026-09-12T17:52:16+08:00,
GIGA官方目录,https://www.giga-web.jp/search/index.php?count=109&sort=1,ok,20,,0,2026-09-12T17:52:16+08:00,
GIGA官方目录,https://www.giga-web.jp/search/index.php?count=110&sort=1,ok,20,,0,2026-09-12T17:52:16+08:00,
GIGA官方目录,https://www.giga-web.jp/search/index.php?count=111&sort=1,ok,20,,0,2026-09-12T17:52:16+08:00,
GIGA官方目录,https://www.giga-web.jp/search/index.php?count=112&sort=1,ok,20,,0,2026-09-12T17:52:16+08:00,
GIGA官方目录,https://www.giga-web.jp/search/index.php?count=113&sort=1,ok,20,,0,2026-09-12T17:52:16+08:00,
GIGA官方目录,https://www.giga-web.jp/search/index.php?count=114&sort=1,ok,20,,0,2026-09-12T17:52:16+08:00,
GIGA官方目录,https://www.giga-web.jp/search/index.php?count=115&sort=1,ok,20,,0,2026-09-12T17:52:16+08:00,
GIGA官方目录,https://www.giga-web.jp/search/index.php?count=116&sort=1,ok,20,,0,2026-09-12T17:52:16+08:00,
GIGA官方目录,https://www.giga-web.jp/search/index.php?count=117&sort=1,ok,20,,0,2026-09-12T17:52:16+08:00,
GIGA官方目录,https://www.giga-web.jp/search/index.php?count=118&sort=1,ok,20,,0,2026-09-12T17:52:16+08:00,
GIGA官方目录,https://www.giga-web.jp/search/index.php?count=119&sort=1,ok,20,,0,2026-09-12T17:52:16+08:00,
GIGA官方目录,https://www.giga-web.jp/search/index.php?count=120&sort=1,ok,20,,0,2026-09-12T17:52:16+08:00,
GIGA官方目录,https://www.giga-web.jp/search/index.php?count=121&sort=1,ok,20,,0,2026-09-12T17:52:16+08:00,
GIGA官方目录,https://www.giga-web.jp/search/index.php?count=122&sort=1,ok,20,,0,2026-09-12T17:52:16+08:00,
GIGA官方目录,https://www.giga-web.jp/search/index.php?count=123&sort=1,ok,20,,0,2026-09-12T17:52:16+08:00,
GIGA官方目录,https://www.giga-web.jp/search/index.php?count=124&sort=1,ok,20,,0,2026-09-12T17:52:16+08:00,
GIGA官方目录,https://www.giga-web.jp/search/index.php?count=125&sort=1,ok,20,,0,2026-09-12T17:52:16+08:00,
GIGA官方目录,https://www.giga-web.jp/search/index.php?count=126&sort=1,ok,20,,0,2026-09-12T17:52:16+08:00,
GIGA官方目录,https://www.giga-web.jp/search/index.php?count=127&sort=1,ok,20,,0,2026-09-12T17:52:16+08:00,
GIGA官方目录,https://www.giga-web.jp/search/index.php?count=128&sort=1,ok,20,,0,2026-09-12T17:52:16+08:00,
GIGA官方目录,https://www.giga-web.jp/search/index.php?count=129&sort=1,ok,20,,0,2026-09-12T17:52:16+08:00,
GIGA官方目录,https://www.giga-web.jp/search/index.php?count=130&sort=1,ok,20,,0,2026-09-12T17:52:16+08:00,
GIGA官方目录,https://www.giga-web.jp/search/index.php?count=131&sort=1,ok,20,,0,2026-09-12T17:52:16+08:00,
GIGA官方目录,https://www.giga-web.jp/search/index.php?count=132&sort=1,ok,20,,0,2026-09-12T17:52:16+08:00,
GIGA官方目录,https://www.giga-web.jp/search/index.php?count=133&sort=1,ok,20,,0,2026-09-12T17:52:16+08:00,
GIGA官方目录,https://www.giga-web.jp/search/index.php?count=134&sort=1,ok,20,,0,2026-09-12T17:52:16+08:00,
GIGA官方目录,https://www.giga-web.jp/search/index.php?count=135&sort=1,ok,20,,0,2026-09-12T17:52:16+08:00,
GIGA官方目录,https://www.giga-web.jp/search/index.php?count=136&sort=1,ok,20,,0,2026-09-12T17:52:16+08:00,
GIGA官方目录,https://www.giga-web.jp/search/index.php?count=137&sort=1,ok,20,,0,2026-09-12T17:52:16+08:00,
GIGA官方目录,https://www.giga-web.jp/search/index.php?count=138&sort=1,ok,20,,0,2026-09-12T17:52:16+08:00,
GIGA官方目录,https://www.giga-web.jp/search/index.php?count=139&sort=1,ok,20,,0,2026-09-12T17:52:16+08:00,
GIGA官方目录,https://www.giga-web.jp/search/index.php?count=140&sort=1,ok,20,,0,2026-09-12T17:52:16+08:00,
GIGA官方目录,https://www.giga-web.jp/search/index.php?count=141&sort=1,ok,20,,0,2026-09-12T17:52:16+08:00,
GIGA官方目录,https://www.giga-web.jp/search/index.php?count=142&sort=1,ok,20,,0,2026-09-12T17:52:16+08:00,
GIGA官方目录,https://www.giga-web.jp/search/index.php?count=143&sort=1,ok,20,,0,2026-09-12T17:52:16+08:00,
GIGA官方目录,https://www.giga-web.jp/search/index.php?count=144&sort=1,ok,20,,0,2026-09-12T17:52:16+08:00,
GIGA官方目录,https://www.giga-web.jp/search/index.php?count=145&sort=1,ok,20,,0,2026-09-12T17:52:16+08:00,
GIGA官方目录,https://www.giga-web.jp/search/index.php?count=146&sort=1,ok,20,,0,2026-09-12T17:52:16+08:00,
GIGA官方目录,https://www.giga-web.jp/search/index.php?count=147&sort=1,ok,20,,0,2026-09-12T17:52:16+08:00,
GIGA官方目录,https://www.giga-web.jp/search/index.php?count=148&sort=1,ok,20,,0,2026-09-12T17:52:16+08:00,
GIGA官方目录,https://www.giga-web.jp/search/index.php?count=149&sort=1,ok,20,,0,2026-09-12T17:52:16+08:00,
GIGA官方目录,https://www.giga-web.jp/search/index.php?count=150&sort=1,ok,20,,0,2026-09-12T17:52:16+08:00,
GIGA官方目录,https://www.giga-web.jp/search/index.php?count=151&sort=1,ok,20,,0,2026-09-12T17:52:16+08:00,
GIGA官方目录,https://www.giga-web.jp/search/index.php?count=152&sort=1,ok,20,,0,2026-09-12T17:52:16+08:00,
GIGA官方目录,https://www.giga-web.jp/search/index.php?count=153&sort=1,ok,20,,0,2026-09-12T17:52:16+08:00,
GIGA官方目录,https://www.giga-web.jp/search/index.php?count=154&sort=1,ok,20,,0,2026-09-12T17:52:16+08:00,
GIGA官方目录,https://www.giga-web.jp/search/index.php?count=155&sort=1,ok,20,,0,2026-09-12T17:52:16+08:00,
GIGA官方目录,https://www.giga-web.jp/search/index.php?count=156&sort=1,ok,20,,0,2026-09-12T17:52:16+08:00,
GIGA官方目录,https://www.giga-web.jp/search/index.php?count=157&sort=1,ok,20,,0,2026-09-12T17:52:16+08:00,
GIGA官方目录,https://www.giga-web.jp/search/index.php?count=158&sort=1,ok,20,,0,2026-09-12T17:52:16+08:00,
GIGA官方目录,https://www.giga-web.jp/search/index.php?count=159&sort=1,ok,20,,0,2026-09-12T17:52:16+08:00,
GIGA官方目录,https://www.giga-web.jp/search/index.php?count=160&sort=1,ok,20,,0,2026-09-12T17:52:16+08:00,
GIGA官方目录,https://www.giga-web.jp/search/index.php?count=161&sort=1,ok,20,,0,2026-09-12T17:52:16+08:00,
GIGA官方目录,https://www.giga-web.jp/search/index.php?count=162&sort=1,ok,20,,0,2026-09-12T17:52:16+08:00,
GIGA官方目录,https://www.giga-web.jp/search/index.php?count=163&sort=1,ok,20,,0,2026-09-12T17:52:16+08:00,
GIGA官方目录,https://www.giga-web.jp/search/index.php?count=164&sort=1,ok,20,,0,2026-09-12T17:52:16+08:00,
GIGA官方目录,https://www.giga-web.jp/search/index.php?count=165&sort=1,ok,20,,0,2026-09-12T17:52:16+08:00,
GIGA官方目录,https://www.giga-web.jp/search/index.php?count=166&sort=1,ok,20,,0,2026-09-12T17:52:16+08:00,
GIGA官方目录,https://www.giga-web.jp/search/index.php?count=167&sort=1,ok,20,,0,2026-09-12T17:52:16+08:00,
GIGA官方目录,https://www.giga-web.jp/search/index.php?count=168&sort=1,ok,20,,0,2026-09-12T17:52:16+08:00,
GIGA官方目录,https://www.giga-web.jp/search/index.php?count=169&sort=1,ok,20,,0,2026-09-12T17:52:16+08:00,
GIGA官方目录,https://www.giga-web.jp/search/index.php?count=170&sort=1,ok,20,,0,2026-09-12T17:52:16+08:00,
GIGA官方目录,https://www.giga-web.jp/search/index.php?count=171&sort=1,ok,20,,0,2026-09-12T17:52:16+08:00,
GIGA官方目录,https://www.giga-web.jp/search/index.php?count=172&sort=1,ok,20,,0,2026-09-12T17:52:16+08:00,
GIGA官方目录,https://www.giga-web.jp/search/index.php?count=173&sort=1,ok,20,,0,2026-09-12T17:52:16+08:00,
GIGA官方目录,https://www.giga-web.jp/search/index.php?count=174&sort=1,ok,20,,0,2026-09-12T17:52:16+08:00,
GIGA官方目录,https://www.giga-web.jp/search/index.php?count=175&sort=1,ok,20,,0,2026-09-12T17:52:16+08:00,
GIGA官方目录,https://www.giga-web.jp/search/index.php?count=176&sort=1,ok,20,,0,2026-09-12T17:52:16+08:00,
GIGA官方目录,https://www.giga-web.jp/search/index.php?count=177&sort=1,ok,20,,0,2026-09-12T17:52:16+08:00,
GIGA官方目录,https://www.giga-web.jp/search/index.php?count=178&sort=1,ok,20,,0,2026-09-12T17:52:16+08:00,
GIGA官方目录,https://www.giga-web.jp/search/index.php?count=179&sort=1,ok,20,,0,2026-09-12T17:52:16+08:00,
GIGA官方目录,https://www.giga-web.jp/search/index.php?count=180&sort=1,ok,20,,0,2026-09-12T17:52:16+08:00,
GIGA官方目录,https://www.giga-web.jp/search/index.php?count=181&sort=1,ok,20,,0,2026-09-12T17:52:16+08:00,
GIGA官方目录,https://www.giga-web.jp/search/index.php?count=182&sort=1,ok,20,,0,2026-09-12T17:52:16+08:00,
GIGA官方目录,https://www.giga-web.jp/search/index.php?count=183&sort=1,ok,20,,0,2026-09-12T17:52:16+08:00,
GIGA官方目录,https://www.giga-web.jp/search/index.php?count=184&sort=1,ok,20,,0,2026-09-12T17:52:16+08:00,
GIGA官方目录,https://www.giga-web.jp/search/index.php?count=185&sort=1,ok,20,,0,2026-09-12T17:52:16+08:00,
GIGA官方目录,https://www.giga-web.jp/search/index.php?count=186&sort=1,ok,20,,0,2026-09-12T17:52:16+08:00,
GIGA官方目录,https://www.giga-web.jp/search/index.php?count=187&sort=1,ok,20,,0,2026-09-12T17:52:16+08:00,
GIGA官方目录,https://www.giga-web.jp/search/index.php?count=188&sort=1,ok,20,,0,2026-09-12T17:52:16+08:00,
GIGA官方目录,https://www.giga-web.jp/search/index.php?count=189&sort=1,ok,20,,0,2026-09-12T17:52:16+08:00,
GIGA官方目录,https://www.giga-web.jp/search/index.php?count=190&sort=1,ok,20,,0,2026-09-12T17:52:16+08:00,
GIGA官方目录,https://www.giga-web.jp/search/index.php?count=191&sort=1,ok,20,,0,2026-09-12T17:52:16+08:00,
GIGA官方目录,https://www.giga-web.jp/search/index.php?count=192&sort=1,ok,20,,0,2026-09-12T17:52:16+08:00,
GIGA官方目录,https://www.giga-web.jp/search/index.php?count=193&sort=1,ok,20,,0,2026-09-12T17:52:16+08:00,
GIGA官方目录,https://www.giga-web.jp/search/index.php?count=194&sort=1,ok,20,,0,2026-09-12T17:52:16+08:00,
GIGA官方目录,https://www.giga-web.jp/search/index.php?count=195&sort=1,ok,20,,0,2026-09-12T17:52:16+08:00,
GIGA官方目录,https://www.giga-web.jp/search/index.php?count=196&sort=1,ok,20,,0,2026-09-12T17:52:16+08:00,
GIGA官方目录,https://www.giga-web.jp/search/index.php?count=197&sort=1,ok,20,,0,2026-09-12T17:52:16+08:00,
GIGA官方目录,https://www.giga-web.jp/search/index.php?count=198&sort=1,ok,20,,0,2026-09-12T17:52:16+08:00,
GIGA官方目录,https://www.giga-web.jp/search/index.php?count=199&sort=1,ok,20,,0,2026-09-12T17:52:16+08:00,
GIGA官方目录,https://www.giga-web.jp/search/index.php?count=200&sort=1,ok,20,,0,2026-09-12T17:52:16+08:00,
GIGA官方目录,https://www.giga-web.jp/search/index.php?count=201&sort=1,ok,20,,0,2026-09-12T17:52:16+08:00,
GIGA官方目录,https://www.giga-web.jp/search/index.php?count=202&sort=1,ok,20,,0,2026-09-12T17:52:16+08:00,
GIGA官方目录,https://www.giga-web.jp/search/index.php?count=203&sort=1,ok,20,,0,2026-09-12T17:52:16+08:00,
GIGA官方目录,https://www.giga-web.jp/search/index.php?count=204&sort=1,ok,20,,0,2026-09-12T17:52:16+08:00,
GIGA官方目录,https://www.giga-web.jp/search/index.php?count=205&sort=1,ok,20,,0,2026-09-12T17:52:16+08:00,
GIGA官方目录,https://www.giga-web.jp/search/index.php?count=206&sort=1,ok,20,,0,2026-09-12T17:52:16+08:00,
GIGA官方目录,https://www.giga-web.jp/search/index.php?count=207&sort=1,ok,20,,0,2026-09-12T17:52:16+08:00,
GIGA官方目录,https://www.giga-web.jp/search/index.php?count=208&sort=1,ok,20,,0,2026-09-12T17:52:16+08:00,
GIGA官方目录,https://www.giga-web.jp/search/index.php?count=209&sort=1,ok,20,,0,2026-09-12T17:52:16+08:00,
GIGA官方目录,https://www.giga-web.jp/search/index.php?count=210&sort=1,ok,20,,0,2026-09-12T17:52:16+08:00,
GIGA官方目录,https://www.giga-web.jp/search/index.php?count=211&sort=1,ok,20,,0,2026-09-12T17:52:16+08:00,
GIGA官方目录,https://www.giga-web.jp/search/index.php?count=212&sort=1,ok,20,,0,2026-09-12T17:52:16+08:00,
GIGA官方目录,https://www.giga-web.jp/search/index.php?count=213&sort=1,ok,20,,0,2026-09-12T17:52:16+08:00,
GIGA官方目录,https://www.giga-web.jp/search/index.php?count=214&sort=1,ok,20,,0,2026-09-12T17:52:16+08:00,
GIGA官方目录,https://www.giga-web.jp/search/index.php?count=215&sort=1,ok,20,,0,2026-09-12T17:52:16+08:00,
GIGA官方目录,https://www.giga-web.jp/search/index.php?count=216&sort=1,ok,20,,0,2026-09-12T17:52:16+08:00,
GIGA官方目录,https://www.giga-web.jp/search/index.php?count=217&sort=1,ok,20,,0,2026-09-12T17:52:16+08:00,
GIGA官方目录,https://www.giga-web.jp/search/index.php?count=218&sort=1,ok,20,,0,2026-09-12T17:52:16+08:00,
GIGA官方目录,https://www.giga-web.jp/search/index.php?count=219&sort=1,ok,20,,0,2026-09-12T17:52:16+08:00,
GIGA官方目录,https://www.giga-web.jp/search/index.php?count=220&sort=1,ok,6,,0,2026-09-12T17:52:16+08:00,
GIGA官方目录,https://www.giga-web.jp/search/index.php?count=221&sort=1,ok,0,,0,2026-09-12T17:52:16+08:00,
