NEW CODE,STREAMTAPE LINK,,,UNCENSORED,STREAMTAPE LINK,GOFILE LINK,
HTB-15,https://ouo.io/TPk4sx,,,,,,
SPSF-73,https://ouo.io/WmSd7f,,,,,,
,,,,,,,
,,,,,,,
,,,,,,,
,,,,,,,
,ALL video old code deleted you need send chat to telegram for reup,,,request for people not from telegram group,,,
,GOFILE DOWNLOAD NEW AND OLD CODE,,,,,,
,MY TELEGRAM GROUP,,SRT ENGSUB DOWNLOAD,,,,
,,,,,,,
,,,,,,,
A,ABGD,AHEF,AKBD,ANIX,ATHB,ATLB,
,AVGP,,,,,,
,,,,,,,
C,CGM,CSFT,CYCD,,,,
,,,,,,,
D,DBC,DFI,DHRY,DMG,DMK,,
,,,,,,,
G,GAJ,GAMD,GATE,GBTB,GDBS,GDSC,
,GDR,GES,GEXP,GGBS,GGFH,GGTB,
,GHKO,GHKP,GHKQ,GHKR,GHLS,GHMT,
,GHNU,GHOV,GHOR,GHPM,GHVR,GIGP,
,GIMG,GIRO,GMH,GMMD,GNHD,GODS,
,GOMK,GPTM,GRE,GRET,GSAD,GTRL,
,GVRD,,GXXD,,GWS,,
,,,,,,,
H,HHHG,HFDD,HTB,,,,
,,,,,,,
J,JDSD,JGFD,JHHD,JHRD,JHRZ,JKHZ,
,JHSS,JHTD,JHZD,JMRD,JMSZ,JSSD,
,JLSD,JOVD,JHSR,JSPR,,,
,,,,,,,
M,MEGA,MGHH,MNFC,MGJH,MEBO,MSZ,
,,,,,,,
N,NTSP,,,,,,
,,,,,,,
P,PAED,PGHD,PHYD,PMID,,,
,,,,,,,
R,RYOJ,,,,,,
,,,,,,,
S,SDLN,SHK,SKHG,SKOT,SMHO,SNGM,STAK
,STHP,SPSA,SPSB,SPSC,SPSD,SPSE,SPSF
,,,,,,,
T,TAA,TAB,TAG,TAP,TBB,TBBH,TBR
,TBW,TBXX,TCB,TCN,TDB,TDD,TDLN
,TDM,TDP,TGGP,TGHR,TGJ,TGL,TGM
,TGS,THH,THI,THM,THMD,THP,THR
,THZ,TJH,TJT,TKG,TKGD,TKSM,TKT
,TKV,TLC,TLP,TLTD,TLZ,TML,TMLZ
,TMS,TMV,TNI,TOR,TPH,TRE,TRH
,TRK,TRY,TSB,TSDL,TSGS,TSR,TSW
,TSWN,TSY,TTRE,TVS,TWG,TYRD,TZZ
,TRT,THPA,TKVR,THZA,TGBC,TRSH,
,,,,,,,
Z,ZMG,ZOR,,,,,
,,,,,,,
,,,,,,,
,,,,,,,
COLOR,PINK ENGSUB,,,,,,
,BLUE NORMAL OR DOWN,,,,,,
,BLACK NOTHING,,,,,,
,RED NEWEST,,,,,,
,ORANGE LIST NOT COMPLETE,,,,,,